Index,Filename
1,Agfa_DC-830i_0_1127.JPG
2,Agfa_DC-830i_0_1128.JPG
3,Agfa_DC-830i_0_1129.JPG
4,Agfa_DC-830i_0_1130.JPG
5,Agfa_DC-830i_0_1131.JPG
6,Agfa_DC-830i_0_1132.JPG
7,Agfa_DC-830i_0_1133.JPG
8,Agfa_DC-830i_0_1134.JPG
9,Agfa_DC-830i_0_1135.JPG
10,Agfa_DC-830i_0_1136.JPG
11,Agfa_DC-830i_0_1137.JPG
12,Agfa_DC-830i_0_1138.JPG
13,Agfa_DC-830i_0_1139.JPG
14,Agfa_DC-830i_0_1140.JPG
15,Agfa_DC-830i_0_1141.JPG
16,Agfa_DC-830i_0_1142.JPG
17,Agfa_DC-830i_0_1143.JPG
18,Agfa_DC-830i_0_1144.JPG
19,Agfa_DC-830i_0_1145.JPG
20,Agfa_DC-830i_0_1146.JPG
21,Agfa_DC-830i_0_1147.JPG
22,Agfa_DC-830i_0_1148.JPG
23,Agfa_DC-830i_0_1149.JPG
24,Agfa_DC-830i_0_1150.JPG
25,Agfa_DC-830i_0_1151.JPG
26,Agfa_DC-830i_0_1152.JPG
27,Agfa_DC-830i_0_1153.JPG
28,Agfa_DC-830i_0_1154.JPG
29,Agfa_DC-830i_0_1155.JPG
30,Agfa_DC-830i_0_1156.JPG
31,Agfa_DC-830i_0_1157.JPG
